epoch,steps,cosine-Accuracy@1,cosine-Accuracy@3,cosine-Accuracy@5,cosine-Accuracy@10,cosine-Precision@1,cosine-Recall@1,cosine-Precision@3,cosine-Recall@3,cosine-Precision@5,cosine-Recall@5,cosine-Precision@10,cosine-Recall@10,cosine-MRR@10,cosine-NDCG@10,cosine-MAP@100
1.0,438,0.034,0.112,0.18333333333333332,0.36666666666666664,0.034,0.034,0.037333333333333336,0.112,0.03666666666666667,0.18333333333333332,0.03666666666666667,0.36666666666666664,0.10706693121693103,0.16633784909030142,0.11826100196595075
2.0,876,0.03266666666666666,0.108,0.18066666666666667,0.37733333333333335,0.03266666666666666,0.03266666666666666,0.036,0.108,0.03613333333333334,0.18066666666666667,0.037733333333333334,0.37733333333333335,0.10676798941798925,0.16840447164026995,0.11795203548992012
3.0,1314,0.03133333333333333,0.10933333333333334,0.18,0.38333333333333336,0.03133333333333333,0.03133333333333333,0.03644444444444444,0.10933333333333334,0.036000000000000004,0.18,0.03833333333333333,0.38333333333333336,0.10619047619047602,0.16924391896197283,0.1171259731007836
